{
  "tool": "beads",
  "count": 1000,
  "cold_runs": 1,
  "warm_runs": 20,
  "ops": {
    "list_open": {
      "cold_ms": 76.10683400000084,
      "warm_ms": [
        67.7612080000074,
        69.45304200000635,
        68.4525839999992,
        69.12524999999903,
        68.37587499998676,
        71.56962499999509,
        65.5453339999923,
        65.82362499999306,
        68.61166699999899,
        67.3791250000022,
        67.28716700000348,
        67.9204999999996,
        68.36774999999307,
        68.51704199999631,
        69.19491600000072,
        70.5419169999999,
        68.19641699999579,
        72.56420800000285,
        71.51212499999815,
        69.57083400000386
      ]
    },
    "list_label": {
      "cold_ms": 61.681458999998995,
      "warm_ms": [
        61.32366699999636,
        61.140709000000015,
        66.26595899999188,
        71.66391699999508,
        68.86679200000856,
        67.18408300000078,
        77.27879200000132,
        68.40800000000513,
        64.45529200000522,
        63.89554199999736,
        84.81974999999409,
        71.47108300000582,
        67.87895799999433,
        67.68337500000143,
        64.14812500000266,
        63.01704099999483,
        61.73033299999986,
        63.81408400000055,
        107.80533400000536,
        133.52370799999846
      ]
    },
    "ready": {
      "cold_ms": 159.49495799999625,
      "warm_ms": [
        132.18720800000483,
        226.0610000000014,
        78.53724999999656,
        70.6172080000016,
        66.74858300000608,
        63.955958000008195,
        67.185834,
        64.10666700000434,
        61.55683299999737,
        66.01116600000978,
        63.9567080000063,
        62.809708000003184,
        61.614208999998255,
        146.70183399999814,
        81.53887499999257,
        69.2242909999976,
        70.81666599999892,
        66.43962499998679,
        63.69650000000604,
        64.86595799999861
      ]
    },
    "create": {
      "cold_ms": 86.44870800000604,
      "warm_ms": [
        84.70870800000796,
        96.1242080000062,
        84.77608300000838,
        88.62266600000623,
        91.73945799999217,
        86.00833399999885,
        92.79254199999798,
        99.64591700000369,
        90.85754200000906,
        105.97450000000208,
        88.89887499999816,
        91.16383299999598,
        99.2072500000063,
        118.20879200000434,
        114.71916600000043,
        113.20716699999878,
        86.12066599999935,
        86.81637499999795,
        84.91587500000719,
        92.85983399999509
      ]
    },
    "update": {
      "cold_ms": 75.66254199998923,
      "warm_ms": [
        65.90966599999604,
        68.3649169999967,
        67.7334579999922,
        67.05987499999821,
        67.70308399998726,
        68.60808300000087,
        67.80095899999594,
        64.83108299998719,
        65.16666699999973,
        64.22129199999915,
        67.29812500000776,
        71.86212499999556,
        85.16583300000491,
        68.3032499999996,
        69.53529199999764,
        66.1056670000022,
        66.36416699998904,
        68.39254200001221,
        65.6915830000031,
        67.6029170000021
      ]
    },
    "note": {
      "cold_ms": 66.92183399999863,
      "warm_ms": [
        65.05758400000161,
        64.3168340000102,
        67.18962499999748,
        64.14820800000598,
        62.48812500000156,
        62.47574999999017,
        62.35287500000197,
        63.089207999993846,
        63.299208999993084,
        62.6687080000039,
        67.44704199999774,
        64.54054200000314,
        64.03720899999144,
        63.69937499999878,
        64.65491699999859,
        63.85691700000962,
        62.78137500000014,
        63.777999999999224,
        64.84995799999638,
        63.28920900000412
      ]
    }
  }
}