{
  "tool": "tick",
  "count": 1000,
  "cold_runs": 1,
  "warm_runs": 20,
  "ops": {
    "list_open": {
      "cold_ms": 78.60233299999919,
      "warm_ms": [
        41.94841600000032,
        35.72304200000076,
        36.00575000000106,
        34.88345799999948,
        35.83854200000047,
        35.197541999998805,
        35.10912499999819,
        35.03658300000012,
        36.07099999999974,
        36.93408299999845,
        39.24383300000045,
        35.96154099999893,
        37.22404199999829,
        34.961083999998976,
        34.61366599999849,
        33.94812499999844,
        35.428875000000914,
        35.31716699999876,
        34.417916999998965,
        35.624249999997915
      ]
    },
    "list_label": {
      "cold_ms": 34.51533400000173,
      "warm_ms": [
        34.191875000001204,
        34.785207999998846,
        35.223124999998134,
        33.746125000000404,
        34.11087499999965,
        33.428666999999024,
        34.3972920000013,
        34.45820800000021,
        33.676249999999186,
        34.06508300000155,
        33.8627919999972,
        33.954666999999716,
        34.369749999999755,
        35.254791999999924,
        33.96950000000132,
        33.02795799999814,
        32.88595900000146,
        33.997375000001995,
        34.511500000000694,
        34.02483300000014
      ]
    },
    "ready": {
      "cold_ms": 34.53212499999836,
      "warm_ms": [
        34.197542000001135,
        34.844875000001,
        34.35558299999997,
        33.5418340000011,
        33.891125000000244,
        34.01579200000171,
        33.44916700000056,
        34.347790999998296,
        34.56925000000055,
        36.02541700000117,
        35.41191699999757,
        36.72833399999931,
        38.98604200000122,
        34.29237499999971,
        33.79387499999709,
        33.84750000000025,
        33.60500000000144,
        33.12333400000256,
        34.08704199999946,
        34.75129199999927
      ]
    },
    "create": {
      "cold_ms": 14.825625000000286,
      "warm_ms": [
        15.68433400000302,
        14.497165999998174,
        14.649083999998425,
        14.88033300000069,
        14.862749999998925,
        14.868542000002094,
        14.94791699999709,
        15.189917000000719,
        14.552249999997713,
        15.264916999999656,
        14.03562499999822,
        14.460458000002063,
        15.077416000000454,
        14.990499999999685,
        15.001208000001043,
        14.939625000000234,
        15.370167000000379,
        15.250790999999708,
        15.157124999998217,
        15.121917000001872
      ]
    },
    "update": {
      "cold_ms": 24.87250000000074,
      "warm_ms": [
        24.195500000001147,
        25.11791599999924,
        24.678916999999245,
        24.682083999998383,
        24.53916700000036,
        25.141958999999048,
        24.488457999996882,
        25.229792000001083,
        24.110749999998404,
        25.70624999999893,
        24.916334000000262,
        27.17320800000067,
        25.145792,
        25.33441699999983,
        25.11516600000263,
        25.020041000001214,
        25.35941600000058,
        25.86516699999919,
        24.616542000000408,
        24.463666999999134
      ]
    },
    "note": {
      "cold_ms": 26.285124999997578,
      "warm_ms": [
        24.84508299999888,
        25.926334000001106,
        24.37495900000286,
        24.384124999997425,
        25.513832999997987,
        26.7212910000012,
        25.694125000001122,
        28.955665999998104,
        31.507875000002628,
        29.232457999999184,
        26.058541000001156,
        27.833333000000238,
        25.485249999999127,
        26.039624999999234,
        25.382416999999435,
        25.032875000000843,
        24.891499999998956,
        25.376167000001004,
        25.539333000001108,
        25.27524999999997
      ]
    }
  }
}